{
    "Legs": {
        "confidence": 80.0,
        "path": ".images\\legs-path.png",
        "source": null,
        "type": "image"
    },
    "Robot.OkayButton": {
        "screenshot": "",
        "source": "",
        "strategy": "css",
        "type": "browser",
        "value": ""
    },
    "aaaqaa": {
        "screenshot": ".images\\aaaqaa-screenshot.png",
        "source": "https://robotsparebinindustries.com/#/robot-order",
        "strategy": "id",
        "type": "browser",
        "value": "1627471707793"
    }
}